onset	duration	trial_type	value	sample
6.031248635656723	1.0	NonTarget	1	1544
6.218748593241907	1.0	NonTarget	1	1592
6.406248550827089	1.0	Target	2	1640
6.593748508412273	1.0	NonTarget	1	1688
6.7812484659974555	1.0	NonTarget	1	1736
6.968748423582639	1.0	NonTarget	1	1784
7.156248381167822	1.0	NonTarget	1	1832
7.343748338753005	1.0	NonTarget	1	1880
7.531248296338188	1.0	NonTarget	1	1928
7.718748253923371	1.0	NonTarget	1	1976
7.906248211508554	1.0	NonTarget	1	2024
8.093748169093738	1.0	NonTarget	1	2072
8.281248126678921	1.0	NonTarget	1	2120
8.468748084264103	1.0	NonTarget	1	2168
8.656248041849286	1.0	NonTarget	1	2216
8.84374799943447	1.0	NonTarget	1	2264
9.031247957019653	1.0	NonTarget	1	2312
9.218747914604837	1.0	Target	2	2360
9.40624787219002	1.0	NonTarget	1	2408
9.593747829775202	1.0	NonTarget	1	2456
9.781247787360385	1.0	NonTarget	1	2504
9.968747744945569	1.0	NonTarget	1	2552
10.156247702530752	1.0	NonTarget	1	2600
10.343747660115936	1.0	NonTarget	1	2648
10.531247617701117	1.0	NonTarget	1	2696
10.7187475752863	1.0	NonTarget	1	2744
10.906247532871484	1.0	NonTarget	1	2792
11.093747490456668	1.0	NonTarget	1	2840
11.281247448041851	1.0	NonTarget	1	2888
11.468747405627033	1.0	Target	2	2936
11.656247363212216	1.0	NonTarget	1	2984
11.8437473207974	1.0	NonTarget	1	3032
12.031247278382583	1.0	NonTarget	1	3080
12.218747235967767	1.0	NonTarget	1	3128
12.406247193552948	1.0	NonTarget	1	3176
12.593747151138132	1.0	NonTarget	1	3224
12.781247108723315	1.0	NonTarget	1	3272
12.968747066308499	1.0	NonTarget	1	3320
13.156247023893682	1.0	NonTarget	1	3368
13.343746981478864	1.0	Target	2	3416
13.531246939064047	1.0	NonTarget	1	3464
13.71874689664923	1.0	NonTarget	1	3512
13.906246854234414	1.0	NonTarget	1	3560
14.093746811819598	1.0	NonTarget	1	3608
14.281246769404781	1.0	NonTarget	1	3656
14.468746726989963	1.0	NonTarget	1	3704
14.656246684575146	1.0	NonTarget	1	3752
14.84374664216033	1.0	NonTarget	1	3800
15.031246599745513	1.0	NonTarget	1	3848
15.218746557330697	1.0	NonTarget	1	3896
15.406246514915878	1.0	Target	2	3944
15.593746472501062	1.0	NonTarget	1	3992
15.781246430086245	1.0	NonTarget	1	4040
15.968746387671429	1.0	NonTarget	1	4088
16.156246345256612	1.0	NonTarget	1	4136
16.343746302841794	1.0	NonTarget	1	4184
16.53124626042698	1.0	NonTarget	1	4232
16.71874621801216	1.0	NonTarget	1	4280
16.906246175597342	1.0	NonTarget	1	4328
17.093746133182528	1.0	NonTarget	1	4376
17.28124609076771	1.0	NonTarget	1	4424
17.468746048352894	1.0	NonTarget	1	4472
17.656246005938076	1.0	NonTarget	1	4520
17.843745963523258	1.0	NonTarget	1	4568
18.031245921108443	1.0	Target	2	4616
18.218745878693625	1.0	NonTarget	1	4664
18.40624583627881	1.0	NonTarget	1	4712
18.59374579386399	1.0	NonTarget	1	4760
18.781245751449173	1.0	NonTarget	1	4808
18.96874570903436	1.0	NonTarget	1	4856
19.15624566661954	1.0	NonTarget	1	4904
19.343745624204725	1.0	NonTarget	1	4952
19.531245581789907	1.0	NonTarget	1	5000
19.71874553937509	1.0	NonTarget	1	5048
19.906245496960274	1.0	NonTarget	1	5096
20.093745454545456	1.0	Target	2	5144
20.28124541213064	1.0	NonTarget	1	5192
20.468745369715823	1.0	NonTarget	1	5240
20.656245327301004	1.0	NonTarget	1	5288
20.84374528488619	1.0	NonTarget	1	5336
21.03124524247137	1.0	NonTarget	1	5384
21.218745200056556	1.0	NonTarget	1	5432
21.406245157641738	1.0	NonTarget	1	5480
21.593745115226923	1.0	NonTarget	1	5528
21.781245072812105	1.0	NonTarget	1	5576
21.968745030397287	1.0	NonTarget	1	5624
22.156244987982472	1.0	NonTarget	1	5672
22.343744945567654	1.0	NonTarget	1	5720
22.53124490315284	1.0	Target	2	5768
22.71874486073802	1.0	NonTarget	1	5816
22.906244818323202	1.0	NonTarget	1	5864
23.093744775908387	1.0	NonTarget	1	5912
23.28124473349357	1.0	NonTarget	1	5960
23.468744691078754	1.0	NonTarget	1	6008
23.656244648663936	1.0	NonTarget	1	6056
23.843744606249118	1.0	NonTarget	1	6104
24.031244563834303	1.0	NonTarget	1	6152
24.218744521419485	1.0	NonTarget	1	6200
24.40624447900467	1.0	NonTarget	1	6248
24.59374443658985	1.0	Target	2	6296
24.781244394175033	1.0	NonTarget	1	6344
24.96874435176022	1.0	NonTarget	1	6392
25.1562443093454	1.0	NonTarget	1	6440
25.343744266930585	1.0	NonTarget	1	6488
25.531244224515767	1.0	NonTarget	1	6536
25.71874418210095	1.0	NonTarget	1	6584
25.906244139686134	1.0	NonTarget	1	6632
26.093744097271315	1.0	NonTarget	1	6680
26.2812440548565	1.0	NonTarget	1	6728
26.468744012441682	1.0	Target	2	6776
26.656243970026864	1.0	NonTarget	1	6824
26.84374392761205	1.0	NonTarget	1	6872
27.03124388519723	1.0	NonTarget	1	6920
27.218743842782416	1.0	NonTarget	1	6968
27.406243800367598	1.0	NonTarget	1	7016
27.59374375795278	1.0	NonTarget	1	7064
27.781243715537965	1.0	NonTarget	1	7112
27.968743673123146	1.0	NonTarget	1	7160
28.15624363070833	1.0	NonTarget	1	7208
28.343743588293513	1.0	NonTarget	1	7256
28.531243545878695	1.0	NonTarget	1	7304
28.71874350346388	1.0	NonTarget	1	7352
28.906243461049062	1.0	NonTarget	1	7400
29.093743418634247	1.0	Target	2	7448
29.28124337621943	1.0	NonTarget	1	7496
29.46874333380461	1.0	NonTarget	1	7544
29.656243291389796	1.0	NonTarget	1	7592
29.843743248974977	1.0	NonTarget	1	7640
30.031243206560163	1.0	NonTarget	1	7688
30.218743164145344	1.0	NonTarget	1	7736
30.406243121730526	1.0	NonTarget	1	7784
30.59374307931571	1.0	NonTarget	1	7832
30.781243036900893	1.0	NonTarget	1	7880
30.968742994486078	1.0	Target	2	7928
31.15624295207126	1.0	NonTarget	1	7976
31.343742909656445	1.0	NonTarget	1	8024
31.531242867241627	1.0	NonTarget	1	8072
31.71874282482681	1.0	NonTarget	1	8120
31.906242782411994	1.0	NonTarget	1	8168
32.093742739997175	1.0	NonTarget	1	8216
32.28124269758236	1.0	NonTarget	1	8264
32.46874265516754	1.0	NonTarget	1	8312
32.65624261275273	1.0	NonTarget	1	8360
32.84374257033791	1.0	NonTarget	1	8408
33.03124252792309	1.0	NonTarget	1	8456
33.21874248550827	1.0	NonTarget	1	8504
33.406242443093454	1.0	NonTarget	1	8552
33.59374240067864	1.0	NonTarget	1	8600
33.781242358263825	1.0	NonTarget	1	8648
33.968742315849006	1.0	Target	2	8696
34.15624227343419	1.0	NonTarget	1	8744
34.34374223101937	1.0	NonTarget	1	8792
34.53124218860456	1.0	NonTarget	1	8840
34.71874214618974	1.0	NonTarget	1	8888
34.90624210377492	1.0	NonTarget	1	8936
35.0937420613601	1.0	NonTarget	1	8984
35.281242018945285	1.0	Target	2	9032
35.468741976530474	1.0	NonTarget	1	9080
35.656241934115656	1.0	NonTarget	1	9128
35.84374189170084	1.0	NonTarget	1	9176
36.03124184928602	1.0	NonTarget	1	9224
36.21874180687121	1.0	NonTarget	1	9272
36.40624176445639	1.0	NonTarget	1	9320
36.59374172204157	1.0	NonTarget	1	9368
36.78124167962675	1.0	NonTarget	1	9416
36.968741637211934	1.0	NonTarget	1	9464
37.15624159479712	1.0	NonTarget	1	9512
37.343741552382305	1.0	NonTarget	1	9560
41.53124060511806	1.0	NonTarget	1	10632
41.71874056270324	1.0	NonTarget	1	10680
41.90624052028843	1.0	NonTarget	1	10728
42.09374047787361	1.0	NonTarget	1	10776
42.28124043545879	1.0	NonTarget	1	10824
42.46874039304397	1.0	NonTarget	1	10872
42.656240350629155	1.0	NonTarget	1	10920
42.84374030821434	1.0	NonTarget	1	10968
43.031240265799525	1.0	Target	2	11016
43.21874022338471	1.0	NonTarget	1	11064
43.40624018096989	1.0	NonTarget	1	11112
43.59374013855507	1.0	NonTarget	1	11160
43.78124009614026	1.0	NonTarget	1	11208
43.96874005372544	1.0	NonTarget	1	11256
44.15624001131062	1.0	NonTarget	1	11304
44.343739968895804	1.0	NonTarget	1	11352
44.531239926480986	1.0	NonTarget	1	11400
44.718739884066174	1.0	NonTarget	1	11448
44.906239841651356	1.0	NonTarget	1	11496
45.09373979923654	1.0	Target	2	11544
45.28123975682172	1.0	NonTarget	1	11592
45.4687397144069	1.0	NonTarget	1	11640
45.65623967199209	1.0	NonTarget	1	11688
45.84373962957727	1.0	NonTarget	1	11736
46.03123958716245	1.0	NonTarget	1	11784
46.218739544747635	1.0	NonTarget	1	11832
46.40623950233282	1.0	NonTarget	1	11880
46.593739459918005	1.0	NonTarget	1	11928
46.78123941750319	1.0	NonTarget	1	11976
46.96873937508837	1.0	NonTarget	1	12024
47.15623933267355	1.0	NonTarget	1	12072
47.34373929025873	1.0	NonTarget	1	12120
47.53123924784392	1.0	NonTarget	1	12168
47.7187392054291	1.0	NonTarget	1	12216
47.906239163014284	1.0	NonTarget	1	12264
48.093739120599466	1.0	Target	2	12312
48.28123907818465	1.0	NonTarget	1	12360
48.468739035769836	1.0	NonTarget	1	12408
48.65623899335502	1.0	NonTarget	1	12456
48.8437389509402	1.0	NonTarget	1	12504
49.03123890852538	1.0	NonTarget	1	12552
49.21873886611056	1.0	NonTarget	1	12600
49.40623882369575	1.0	NonTarget	1	12648
49.59373878128093	1.0	Target	2	12696
49.781238738866115	1.0	NonTarget	1	12744
49.9687386964513	1.0	NonTarget	1	12792
50.156238654036486	1.0	NonTarget	1	12840
50.34373861162167	1.0	NonTarget	1	12888
50.53123856920685	1.0	NonTarget	1	12936
50.71873852679203	1.0	NonTarget	1	12984
50.90623848437721	1.0	NonTarget	1	13032
51.0937384419624	1.0	NonTarget	1	13080
51.28123839954758	1.0	NonTarget	1	13128
51.468738357132764	1.0	NonTarget	1	13176
51.656238314717946	1.0	NonTarget	1	13224
51.84373827230313	1.0	NonTarget	1	13272
52.03123822988832	1.0	NonTarget	1	13320
52.2187381874735	1.0	NonTarget	1	13368
52.40623814505868	1.0	Target	2	13416
52.59373810264386	1.0	NonTarget	1	13464
52.78123806022904	1.0	NonTarget	1	13512
52.96873801781423	1.0	NonTarget	1	13560
53.156237975399414	1.0	NonTarget	1	13608
53.343737932984595	1.0	NonTarget	1	13656
53.53123789056978	1.0	NonTarget	1	13704
53.71873784815496	1.0	NonTarget	1	13752
53.90623780574015	1.0	NonTarget	1	13800
54.09373776332533	1.0	NonTarget	1	13848
54.28123772091051	1.0	NonTarget	1	13896
54.46873767849569	1.0	NonTarget	1	13944
54.656237636080874	1.0	NonTarget	1	13992
54.84373759366606	1.0	Target	2	14040
55.031237551251245	1.0	NonTarget	1	14088
55.218737508836426	1.0	NonTarget	1	14136
55.40623746642161	1.0	NonTarget	1	14184
55.59373742400679	1.0	NonTarget	1	14232
55.78123738159198	1.0	NonTarget	1	14280
55.96873733917716	1.0	NonTarget	1	14328
56.15623729676234	1.0	NonTarget	1	14376
56.34373725434752	1.0	NonTarget	1	14424
56.531237211932705	1.0	Target	2	14472
56.718737169517894	1.0	NonTarget	1	14520
56.906237127103076	1.0	NonTarget	1	14568
57.09373708468826	1.0	NonTarget	1	14616
57.28123704227344	1.0	NonTarget	1	14664
57.46873699985862	1.0	NonTarget	1	14712
57.65623695744381	1.0	NonTarget	1	14760
57.84373691502899	1.0	NonTarget	1	14808
58.03123687261417	1.0	NonTarget	1	14856
58.218736830199354	1.0	NonTarget	1	14904
58.406236787784536	1.0	NonTarget	1	14952
58.593736745369725	1.0	NonTarget	1	15000
58.78123670295491	1.0	NonTarget	1	15048
58.96873666054009	1.0	Target	2	15096
59.15623661812527	1.0	NonTarget	1	15144
59.34373657571045	1.0	NonTarget	1	15192
59.53123653329564	1.0	NonTarget	1	15240
59.71873649088082	1.0	NonTarget	1	15288
59.906236448466004	1.0	NonTarget	1	15336
60.093736406051185	1.0	NonTarget	1	15384
60.28123636363637	1.0	NonTarget	1	15432
60.468736321221556	1.0	NonTarget	1	15480
60.65623627880674	1.0	NonTarget	1	15528
60.84373623639192	1.0	NonTarget	1	15576
61.0312361939771	1.0	NonTarget	1	15624
61.21873615156228	1.0	NonTarget	1	15672
61.40623610914747	1.0	NonTarget	1	15720
61.59373606673265	1.0	Target	2	15768
61.781236024317835	1.0	NonTarget	1	15816
61.968735981903016	1.0	NonTarget	1	15864
62.1562359394882	1.0	NonTarget	1	15912
62.34373589707339	1.0	NonTarget	1	15960
62.53123585465857	1.0	NonTarget	1	16008
62.71873581224375	1.0	NonTarget	1	16056
62.90623576982893	1.0	Target	2	16104
63.09373572741411	1.0	NonTarget	1	16152
63.2812356849993	1.0	NonTarget	1	16200
63.468735642584484	1.0	NonTarget	1	16248
63.656235600169666	1.0	NonTarget	1	16296
63.84373555775485	1.0	NonTarget	1	16344
64.03123551534003	1.0	NonTarget	1	16392
64.21873547292522	1.0	NonTarget	1	16440
64.40623543051039	1.0	NonTarget	1	16488
64.59373538809558	1.0	NonTarget	1	16536
64.78123534568077	1.0	NonTarget	1	16584
64.96873530326594	1.0	NonTarget	1	16632
65.15623526085113	1.0	NonTarget	1	16680
65.34373521843631	1.0	Target	2	16728
65.5312351760215	1.0	NonTarget	1	16776
65.71873513360669	1.0	NonTarget	1	16824
65.90623509119186	1.0	NonTarget	1	16872
66.09373504877705	1.0	NonTarget	1	16920
66.28123500636222	1.0	NonTarget	1	16968
66.46873496394741	1.0	NonTarget	1	17016
66.6562349215326	1.0	NonTarget	1	17064
66.84373487911778	1.0	NonTarget	1	17112
67.03123483670296	1.0	NonTarget	1	17160
67.21873479428814	1.0	NonTarget	1	17208
67.40623475187333	1.0	NonTarget	1	17256
67.59373470945852	1.0	NonTarget	1	17304
67.78123466704369	1.0	NonTarget	1	17352
67.96873462462888	1.0	NonTarget	1	17400
68.15623458221405	1.0	Target	2	17448
68.34373453979924	1.0	NonTarget	1	17496
68.53123449738443	1.0	NonTarget	1	17544
68.7187344549696	1.0	NonTarget	1	17592
68.9062344125548	1.0	NonTarget	1	17640
69.09373437013997	1.0	NonTarget	1	17688
69.28123432772516	1.0	NonTarget	1	17736
69.46873428531035	1.0	NonTarget	1	17784
69.65623424289552	1.0	NonTarget	1	17832
69.84373420048071	1.0	NonTarget	1	17880
70.03123415806589	1.0	NonTarget	1	17928
70.21873411565107	1.0	NonTarget	1	17976
70.40623407323626	1.0	Target	2	18024
70.59373403082144	1.0	NonTarget	1	18072
70.78123398840663	1.0	NonTarget	1	18120
70.9687339459918	1.0	NonTarget	1	18168
71.15623390357699	1.0	NonTarget	1	18216
71.34373386116218	1.0	NonTarget	1	18264
71.53123381874735	1.0	NonTarget	1	18312
71.71873377633254	1.0	NonTarget	1	18360
71.90623373391772	1.0	NonTarget	1	18408
72.0937336915029	1.0	NonTarget	1	18456
72.2812336490881	1.0	NonTarget	1	18504
72.46873360667327	1.0	Target	2	18552
72.65623356425846	1.0	NonTarget	1	18600
72.84373352184363	1.0	NonTarget	1	18648
77.03123257457939	1.0	NonTarget	1	19720
77.21873253216458	1.0	NonTarget	1	19768
77.40623248974975	1.0	NonTarget	1	19816
77.59373244733494	1.0	NonTarget	1	19864
77.78123240492013	1.0	NonTarget	1	19912
77.9687323625053	1.0	NonTarget	1	19960
78.1562323200905	1.0	NonTarget	1	20008
78.34373227767567	1.0	Target	2	20056
78.53123223526086	1.0	NonTarget	1	20104
78.71873219284605	1.0	NonTarget	1	20152
78.90623215043122	1.0	NonTarget	1	20200
79.09373210801641	1.0	NonTarget	1	20248
79.28123206560159	1.0	NonTarget	1	20296
79.46873202318677	1.0	NonTarget	1	20344
79.65623198077196	1.0	NonTarget	1	20392
79.84373193835714	1.0	NonTarget	1	20440
80.03123189594233	1.0	NonTarget	1	20488
80.2187318535275	1.0	NonTarget	1	20536
80.40623181111269	1.0	NonTarget	1	20584
80.59373176869788	1.0	Target	2	20632
80.78123172628305	1.0	NonTarget	1	20680
80.96873168386824	1.0	NonTarget	1	20728
81.15623164145342	1.0	NonTarget	1	20776
81.3437315990386	1.0	NonTarget	1	20824
81.5312315566238	1.0	NonTarget	1	20872
81.71873151420897	1.0	NonTarget	1	20920
81.90623147179416	1.0	NonTarget	1	20968
82.09373142937933	1.0	NonTarget	1	21016
82.28123138696452	1.0	NonTarget	1	21064
82.46873134454971	1.0	NonTarget	1	21112
82.65623130213488	1.0	NonTarget	1	21160
82.84373125972007	1.0	Target	2	21208
83.03123121730525	1.0	NonTarget	1	21256
83.21873117489044	1.0	NonTarget	1	21304
83.40623113247563	1.0	NonTarget	1	21352
83.5937310900608	1.0	NonTarget	1	21400
83.78123104764599	1.0	NonTarget	1	21448
83.96873100523116	1.0	NonTarget	1	21496
84.15623096281635	1.0	NonTarget	1	21544
84.34373092040154	1.0	NonTarget	1	21592
84.53123087798672	1.0	NonTarget	1	21640
84.7187308355719	1.0	NonTarget	1	21688
84.90623079315708	1.0	NonTarget	1	21736
85.09373075074227	1.0	NonTarget	1	21784
85.28123070832746	1.0	Target	2	21832
85.46873066591263	1.0	NonTarget	1	21880
85.65623062349782	1.0	NonTarget	1	21928
85.843730581083	1.0	NonTarget	1	21976
86.03123053866818	1.0	NonTarget	1	22024
86.21873049625337	1.0	NonTarget	1	22072
86.40623045383855	1.0	NonTarget	1	22120
86.59373041142373	1.0	NonTarget	1	22168
86.78123036900891	1.0	NonTarget	1	22216
86.9687303265941	1.0	NonTarget	1	22264
87.15623028417929	1.0	NonTarget	1	22312
87.34373024176446	1.0	NonTarget	1	22360
87.53123019934965	1.0	Target	2	22408
87.71873015693483	1.0	NonTarget	1	22456
87.90623011452001	1.0	NonTarget	1	22504
88.0937300721052	1.0	NonTarget	1	22552
88.28123002969038	1.0	NonTarget	1	22600
88.46872998727557	1.0	NonTarget	1	22648
88.65622994486074	1.0	NonTarget	1	22696
88.84372990244593	1.0	NonTarget	1	22744
89.03122986003112	1.0	NonTarget	1	22792
89.21872981761629	1.0	NonTarget	1	22840
89.40622977520148	1.0	NonTarget	1	22888
89.59372973278666	1.0	Target	2	22936
89.78122969037184	1.0	NonTarget	1	22984
89.96872964795703	1.0	NonTarget	1	23032
90.15622960554221	1.0	NonTarget	1	23080
90.3437295631274	1.0	NonTarget	1	23128
90.53122952071257	1.0	NonTarget	1	23176
90.71872947829776	1.0	NonTarget	1	23224
90.90622943588295	1.0	NonTarget	1	23272
91.09372939346812	1.0	NonTarget	1	23320
91.28122935105331	1.0	NonTarget	1	23368
91.46872930863849	1.0	NonTarget	1	23416
91.65622926622368	1.0	NonTarget	1	23464
91.84372922380886	1.0	NonTarget	1	23512
92.03122918139404	1.0	Target	2	23560
92.21872913897923	1.0	NonTarget	1	23608
92.40622909656442	1.0	NonTarget	1	23656
92.59372905414959	1.0	NonTarget	1	23704
92.78122901173478	1.0	NonTarget	1	23752
92.96872896931995	1.0	NonTarget	1	23800
93.15622892690514	1.0	NonTarget	1	23848
93.34372888449033	1.0	NonTarget	1	23896
93.5312288420755	1.0	NonTarget	1	23944
93.7187287996607	1.0	NonTarget	1	23992
93.90622875724587	1.0	NonTarget	1	24040
94.09372871483106	1.0	Target	2	24088
94.28122867241625	1.0	NonTarget	1	24136
94.46872863000142	1.0	NonTarget	1	24184
94.65622858758661	1.0	NonTarget	1	24232
94.84372854517179	1.0	NonTarget	1	24280
95.03122850275697	1.0	NonTarget	1	24328
95.21872846034216	1.0	NonTarget	1	24376
95.40622841792734	1.0	NonTarget	1	24424
95.59372837551253	1.0	NonTarget	1	24472
95.7812283330977	1.0	NonTarget	1	24520
95.96872829068289	1.0	NonTarget	1	24568
96.15622824826808	1.0	NonTarget	1	24616
96.34372820585325	1.0	NonTarget	1	24664
96.53122816343844	1.0	Target	2	24712
96.71872812102362	1.0	NonTarget	1	24760
96.9062280786088	1.0	NonTarget	1	24808
97.093728036194	1.0	NonTarget	1	24856
97.28122799377917	1.0	NonTarget	1	24904
97.46872795136436	1.0	NonTarget	1	24952
97.65622790894953	1.0	NonTarget	1	25000
97.84372786653472	1.0	NonTarget	1	25048
98.03122782411991	1.0	NonTarget	1	25096
98.21872778170508	1.0	NonTarget	1	25144
98.40622773929027	1.0	NonTarget	1	25192
98.59372769687545	1.0	NonTarget	1	25240
98.78122765446064	1.0	NonTarget	1	25288
98.96872761204583	1.0	Target	2	25336
99.156227569631	1.0	NonTarget	1	25384
99.34372752721619	1.0	NonTarget	1	25432
99.53122748480136	1.0	NonTarget	1	25480
99.71872744238655	1.0	NonTarget	1	25528
99.90622739997174	1.0	NonTarget	1	25576
100.09372735755692	1.0	NonTarget	1	25624
100.2812273151421	1.0	NonTarget	1	25672
100.46872727272728	1.0	NonTarget	1	25720
100.65622723031247	1.0	NonTarget	1	25768
100.84372718789766	1.0	NonTarget	1	25816
101.03122714548283	1.0	NonTarget	1	25864
101.21872710306802	1.0	Target	2	25912
101.4062270606532	1.0	NonTarget	1	25960
101.59372701823838	1.0	NonTarget	1	26008
101.78122697582357	1.0	NonTarget	1	26056
101.96872693340875	1.0	NonTarget	1	26104
102.15622689099393	1.0	NonTarget	1	26152
102.34372684857911	1.0	NonTarget	1	26200
102.5312268061643	1.0	NonTarget	1	26248
102.71872676374949	1.0	NonTarget	1	26296
102.90622672133466	1.0	NonTarget	1	26344
103.09372667891985	1.0	NonTarget	1	26392
103.28122663650502	1.0	NonTarget	1	26440
103.46872659409021	1.0	Target	2	26488
103.6562265516754	1.0	NonTarget	1	26536
103.84372650926058	1.0	NonTarget	1	26584
104.03122646684577	1.0	NonTarget	1	26632
104.21872642443094	1.0	NonTarget	1	26680
104.40622638201613	1.0	NonTarget	1	26728
104.59372633960132	1.0	NonTarget	1	26776
104.78122629718649	1.0	NonTarget	1	26824
104.96872625477168	1.0	NonTarget	1	26872
105.15622621235686	1.0	NonTarget	1	26920
105.34372616994204	1.0	NonTarget	1	26968
105.53122612752723	1.0	NonTarget	1	27016
105.71872608511241	1.0	NonTarget	1	27064
105.9062260426976	1.0	Target	2	27112
106.09372600028277	1.0	NonTarget	1	27160
106.28122595786796	1.0	NonTarget	1	27208
106.46872591545315	1.0	NonTarget	1	27256
106.65622587303832	1.0	NonTarget	1	27304
106.84372583062351	1.0	NonTarget	1	27352
107.03122578820869	1.0	NonTarget	1	27400
107.21872574579388	1.0	NonTarget	1	27448
107.40622570337906	1.0	NonTarget	1	27496
107.59372566096424	1.0	NonTarget	1	27544
107.78122561854943	1.0	Target	2	27592
107.9687255761346	1.0	NonTarget	1	27640
108.15622553371979	1.0	NonTarget	1	27688
108.34372549130498	1.0	NonTarget	1	27736
112.53122454404073	1.0	NonTarget	1	28808
112.71872450162591	1.0	NonTarget	1	28856
112.9062244592111	1.0	Target	2	28904
113.09372441679628	1.0	NonTarget	1	28952
113.28122437438147	1.0	NonTarget	1	29000
113.46872433196664	1.0	NonTarget	1	29048
113.65622428955183	1.0	NonTarget	1	29096
113.84372424713702	1.0	NonTarget	1	29144
114.03122420472219	1.0	NonTarget	1	29192
114.21872416230738	1.0	NonTarget	1	29240
114.40622411989256	1.0	NonTarget	1	29288
114.59372407747775	1.0	NonTarget	1	29336
114.78122403506293	1.0	NonTarget	1	29384
114.96872399264811	1.0	NonTarget	1	29432
115.1562239502333	1.0	NonTarget	1	29480
115.34372390781847	1.0	Target	2	29528
115.53122386540366	1.0	NonTarget	1	29576
115.71872382298885	1.0	NonTarget	1	29624
115.90622378057402	1.0	NonTarget	1	29672
116.09372373815921	1.0	NonTarget	1	29720
116.28122369574439	1.0	NonTarget	1	29768
116.46872365332958	1.0	NonTarget	1	29816
116.65622361091476	1.0	NonTarget	1	29864
116.84372356849994	1.0	NonTarget	1	29912
117.03122352608513	1.0	NonTarget	1	29960
117.2187234836703	1.0	Target	2	30008
117.40622344125549	1.0	NonTarget	1	30056
117.59372339884068	1.0	NonTarget	1	30104
117.78122335642585	1.0	NonTarget	1	30152
117.96872331401104	1.0	NonTarget	1	30200
118.15622327159622	1.0	NonTarget	1	30248
118.3437232291814	1.0	NonTarget	1	30296
118.5312231867666	1.0	NonTarget	1	30344
118.71872314435177	1.0	NonTarget	1	30392
118.90622310193696	1.0	NonTarget	1	30440
119.09372305952213	1.0	NonTarget	1	30488
119.28122301710732	1.0	NonTarget	1	30536
119.46872297469251	1.0	NonTarget	1	30584
119.65622293227769	1.0	NonTarget	1	30632
119.84372288986287	1.0	Target	2	30680
120.03122284744805	1.0	NonTarget	1	30728
120.21872280503324	1.0	NonTarget	1	30776
120.40622276261843	1.0	NonTarget	1	30824
120.5937227202036	1.0	NonTarget	1	30872
120.78122267778879	1.0	NonTarget	1	30920
120.96872263537396	1.0	NonTarget	1	30968
121.15622259295915	1.0	NonTarget	1	31016
121.34372255054434	1.0	NonTarget	1	31064
121.53122250812952	1.0	NonTarget	1	31112
121.7187224657147	1.0	NonTarget	1	31160
121.90622242329988	1.0	Target	2	31208
122.09372238088507	1.0	NonTarget	1	31256
122.28122233847026	1.0	NonTarget	1	31304
122.46872229605543	1.0	NonTarget	1	31352
122.65622225364062	1.0	NonTarget	1	31400
122.8437222112258	1.0	NonTarget	1	31448
123.03122216881098	1.0	NonTarget	1	31496
123.21872212639617	1.0	NonTarget	1	31544
123.40622208398135	1.0	NonTarget	1	31592
123.59372204156654	1.0	NonTarget	1	31640
123.78122199915171	1.0	NonTarget	1	31688
123.9687219567369	1.0	Target	2	31736
124.15622191432209	1.0	NonTarget	1	31784
124.34372187190726	1.0	NonTarget	1	31832
124.53122182949245	1.0	NonTarget	1	31880
124.71872178707763	1.0	NonTarget	1	31928
124.90622174466282	1.0	NonTarget	1	31976
125.093721702248	1.0	NonTarget	1	32024
125.28122165983318	1.0	NonTarget	1	32072
125.46872161741837	1.0	NonTarget	1	32120
125.65622157500354	1.0	NonTarget	1	32168
125.84372153258873	1.0	NonTarget	1	32216
126.03122149017392	1.0	NonTarget	1	32264
126.2187214477591	1.0	NonTarget	1	32312
126.40622140534428	1.0	NonTarget	1	32360
126.59372136292946	1.0	NonTarget	1	32408
126.78122132051465	1.0	NonTarget	1	32456
126.96872127809984	1.0	Target	2	32504
127.15622123568501	1.0	NonTarget	1	32552
127.3437211932702	1.0	NonTarget	1	32600
127.53122115085537	1.0	NonTarget	1	32648
127.71872110844056	1.0	NonTarget	1	32696
127.90622106602575	1.0	NonTarget	1	32744
128.09372102361093	1.0	NonTarget	1	32792
128.2812209811961	1.0	NonTarget	1	32840
128.4687209387813	1.0	Target	2	32888
128.65622089636648	1.0	NonTarget	1	32936
128.84372085395165	1.0	NonTarget	1	32984
129.03122081153685	1.0	NonTarget	1	33032
129.21872076912203	1.0	NonTarget	1	33080
129.4062207267072	1.0	NonTarget	1	33128
129.5937206842924	1.0	NonTarget	1	33176
129.78122064187758	1.0	NonTarget	1	33224
129.96872059946276	1.0	NonTarget	1	33272
130.15622055704793	1.0	NonTarget	1	33320
130.34372051463313	1.0	NonTarget	1	33368
130.5312204722183	1.0	NonTarget	1	33416
130.71872042980348	1.0	Target	2	33464
130.9062203873887	1.0	NonTarget	1	33512
131.09372034497386	1.0	NonTarget	1	33560
131.28122030255903	1.0	NonTarget	1	33608
131.46872026014424	1.0	NonTarget	1	33656
131.6562202177294	1.0	NonTarget	1	33704
131.8437201753146	1.0	NonTarget	1	33752
132.03122013289976	1.0	NonTarget	1	33800
132.21872009048496	1.0	NonTarget	1	33848
132.40622004807014	1.0	NonTarget	1	33896
132.5937200056553	1.0	NonTarget	1	33944
132.78121996324052	1.0	Target	2	33992
132.9687199208257	1.0	NonTarget	1	34040
133.15621987841087	1.0	NonTarget	1	34088
133.34371983599607	1.0	NonTarget	1	34136
133.53121979358124	1.0	NonTarget	1	34184
133.71871975116642	1.0	NonTarget	1	34232
133.9062197087516	1.0	NonTarget	1	34280
134.0937196663368	1.0	NonTarget	1	34328
134.28121962392197	1.0	NonTarget	1	34376
134.46871958150714	1.0	NonTarget	1	34424
134.65621953909235	1.0	NonTarget	1	34472
134.84371949667752	1.0	NonTarget	1	34520
135.0312194542627	1.0	NonTarget	1	34568
135.2187194118479	1.0	NonTarget	1	34616
135.40621936943307	1.0	NonTarget	1	34664
135.59371932701825	1.0	NonTarget	1	34712
135.78121928460342	1.0	Target	2	34760
135.96871924218863	1.0	NonTarget	1	34808
136.1562191997738	1.0	NonTarget	1	34856
136.34371915735898	1.0	NonTarget	1	34904
136.53121911494418	1.0	NonTarget	1	34952
136.71871907252935	1.0	NonTarget	1	35000
136.90621903011453	1.0	NonTarget	1	35048
137.09371898769973	1.0	NonTarget	1	35096
137.2812189452849	1.0	NonTarget	1	35144
137.46871890287008	1.0	NonTarget	1	35192
137.65621886045525	1.0	NonTarget	1	35240
137.84371881804046	1.0	NonTarget	1	35288
138.03121877562563	1.0	NonTarget	1	35336
138.2187187332108	1.0	Target	2	35384
138.406218690796	1.0	NonTarget	1	35432
138.59371864838118	1.0	NonTarget	1	35480
138.78121860596636	1.0	NonTarget	1	35528
138.96871856355156	1.0	NonTarget	1	35576
139.15621852113674	1.0	NonTarget	1	35624
139.3437184787219	1.0	NonTarget	1	35672
139.53121843630709	1.0	NonTarget	1	35720
139.7187183938923	1.0	NonTarget	1	35768
139.90621835147746	1.0	NonTarget	1	35816
140.09371830906264	1.0	NonTarget	1	35864
140.28121826664784	1.0	Target	2	35912
140.46871822423302	1.0	NonTarget	1	35960
140.6562181818182	1.0	NonTarget	1	36008
140.8437181394034	1.0	NonTarget	1	36056
141.03121809698857	1.0	NonTarget	1	36104
141.21871805457374	1.0	NonTarget	1	36152
141.40621801215892	1.0	NonTarget	1	36200
141.59371796974412	1.0	NonTarget	1	36248
141.7812179273293	1.0	Target	2	36296
141.96871788491447	1.0	NonTarget	1	36344
142.15621784249967	1.0	NonTarget	1	36392
142.34371780008485	1.0	NonTarget	1	36440
142.53121775767002	1.0	NonTarget	1	36488
142.71871771525522	1.0	NonTarget	1	36536
142.9062176728404	1.0	NonTarget	1	36584
143.09371763042557	1.0	NonTarget	1	36632
143.28121758801075	1.0	NonTarget	1	36680
143.46871754559595	1.0	NonTarget	1	36728
143.65621750318113	1.0	NonTarget	1	36776
143.8437174607663	1.0	NonTarget	1	36824
148.03121651350207	1.0	NonTarget	1	37896
148.21871647108725	1.0	NonTarget	1	37944
148.40621642867242	1.0	NonTarget	1	37992
148.59371638625763	1.0	NonTarget	1	38040
148.7812163438428	1.0	NonTarget	1	38088
148.96871630142797	1.0	NonTarget	1	38136
149.15621625901318	1.0	Target	2	38184
149.34371621659835	1.0	NonTarget	1	38232
149.53121617418353	1.0	NonTarget	1	38280
149.7187161317687	1.0	NonTarget	1	38328
149.9062160893539	1.0	NonTarget	1	38376
150.09371604693908	1.0	NonTarget	1	38424
150.28121600452425	1.0	NonTarget	1	38472
150.46871596210946	1.0	NonTarget	1	38520
150.65621591969463	1.0	NonTarget	1	38568
150.8437158772798	1.0	NonTarget	1	38616
151.031215834865	1.0	NonTarget	1	38664
151.21871579245018	1.0	NonTarget	1	38712
151.40621575003536	1.0	NonTarget	1	38760
151.59371570762053	1.0	NonTarget	1	38808
151.78121566520574	1.0	NonTarget	1	38856
151.9687156227909	1.0	Target	2	38904
152.15621558037608	1.0	NonTarget	1	38952
152.3437155379613	1.0	NonTarget	1	39000
152.53121549554646	1.0	NonTarget	1	39048
152.71871545313164	1.0	NonTarget	1	39096
152.90621541071684	1.0	NonTarget	1	39144
153.09371536830201	1.0	NonTarget	1	39192
153.2812153258872	1.0	NonTarget	1	39240
153.46871528347236	1.0	NonTarget	1	39288
153.65621524105757	1.0	Target	2	39336
153.84371519864274	1.0	NonTarget	1	39384
154.03121515622792	1.0	NonTarget	1	39432
154.21871511381312	1.0	NonTarget	1	39480
154.4062150713983	1.0	NonTarget	1	39528
154.59371502898347	1.0	NonTarget	1	39576
154.78121498656867	1.0	NonTarget	1	39624
154.96871494415385	1.0	NonTarget	1	39672
155.15621490173902	1.0	NonTarget	1	39720
155.3437148593242	1.0	NonTarget	1	39768
155.5312148169094	1.0	NonTarget	1	39816
155.71871477449457	1.0	NonTarget	1	39864
155.90621473207975	1.0	NonTarget	1	39912
156.09371468966495	1.0	Target	2	39960
156.28121464725012	1.0	NonTarget	1	40008
156.4687146048353	1.0	NonTarget	1	40056
156.6562145624205	1.0	NonTarget	1	40104
156.84371452000568	1.0	NonTarget	1	40152
157.03121447759085	1.0	NonTarget	1	40200
157.21871443517603	1.0	NonTarget	1	40248
157.40621439276123	1.0	NonTarget	1	40296
157.5937143503464	1.0	NonTarget	1	40344
157.78121430793158	1.0	NonTarget	1	40392
157.96871426551678	1.0	NonTarget	1	40440
158.15621422310195	1.0	Target	2	40488
158.34371418068713	1.0	NonTarget	1	40536
158.53121413827233	1.0	NonTarget	1	40584
158.7187140958575	1.0	NonTarget	1	40632
158.90621405344268	1.0	NonTarget	1	40680
159.09371401102786	1.0	NonTarget	1	40728
159.28121396861306	1.0	NonTarget	1	40776
159.46871392619823	1.0	NonTarget	1	40824
159.6562138837834	1.0	NonTarget	1	40872
159.8437138413686	1.0	NonTarget	1	40920
160.0312137989538	1.0	NonTarget	1	40968
160.21871375653896	1.0	NonTarget	1	41016
160.40621371412416	1.0	Target	2	41064
160.59371367170934	1.0	NonTarget	1	41112
160.7812136292945	1.0	NonTarget	1	41160
160.9687135868797	1.0	NonTarget	1	41208
161.1562135444649	1.0	NonTarget	1	41256
161.34371350205006	1.0	NonTarget	1	41304
161.53121345963524	1.0	NonTarget	1	41352
161.71871341722044	1.0	NonTarget	1	41400
161.90621337480562	1.0	NonTarget	1	41448
162.0937133323908	1.0	NonTarget	1	41496
162.281213289976	1.0	NonTarget	1	41544
162.46871324756117	1.0	NonTarget	1	41592
162.65621320514634	1.0	NonTarget	1	41640
162.84371316273152	1.0	NonTarget	1	41688
163.03121312031672	1.0	NonTarget	1	41736
163.2187130779019	1.0	Target	2	41784
163.40621303548707	1.0	NonTarget	1	41832
163.59371299307227	1.0	NonTarget	1	41880
163.78121295065745	1.0	NonTarget	1	41928
163.96871290824262	1.0	NonTarget	1	41976
164.15621286582783	1.0	NonTarget	1	42024
164.343712823413	1.0	NonTarget	1	42072
164.53121278099817	1.0	NonTarget	1	42120
164.71871273858335	1.0	NonTarget	1	42168
164.90621269616855	1.0	NonTarget	1	42216
165.09371265375373	1.0	NonTarget	1	42264
165.2812126113389	1.0	NonTarget	1	42312
165.4687125689241	1.0	Target	2	42360
165.65621252650928	1.0	NonTarget	1	42408
165.84371248409445	1.0	NonTarget	1	42456
166.03121244167966	1.0	NonTarget	1	42504
166.21871239926483	1.0	NonTarget	1	42552
166.40621235685	1.0	NonTarget	1	42600
166.59371231443518	1.0	NonTarget	1	42648
166.78121227202038	1.0	NonTarget	1	42696
166.96871222960556	1.0	NonTarget	1	42744
167.15621218719073	1.0	NonTarget	1	42792
167.34371214477594	1.0	NonTarget	1	42840
167.5312121023611	1.0	NonTarget	1	42888
167.71871205994628	1.0	NonTarget	1	42936
167.9062120175315	1.0	Target	2	42984
168.09371197511666	1.0	NonTarget	1	43032
168.28121193270184	1.0	NonTarget	1	43080
168.468711890287	1.0	NonTarget	1	43128
168.6562118478722	1.0	NonTarget	1	43176
168.8437118054574	1.0	NonTarget	1	43224
169.03121176304256	1.0	NonTarget	1	43272
169.21871172062777	1.0	NonTarget	1	43320
169.40621167821294	1.0	NonTarget	1	43368
169.59371163579812	1.0	NonTarget	1	43416
169.78121159338332	1.0	NonTarget	1	43464
169.9687115509685	1.0	NonTarget	1	43512
170.15621150855367	1.0	Target	2	43560
170.34371146613884	1.0	NonTarget	1	43608
170.53121142372405	1.0	NonTarget	1	43656
170.71871138130922	1.0	NonTarget	1	43704
170.9062113388944	1.0	NonTarget	1	43752
171.0937112964796	1.0	NonTarget	1	43800
171.28121125406477	1.0	NonTarget	1	43848
171.46871121164995	1.0	NonTarget	1	43896
171.65621116923515	1.0	NonTarget	1	43944
171.84371112682032	1.0	Target	2	43992
172.0312110844055	1.0	NonTarget	1	44040
172.21871104199067	1.0	NonTarget	1	44088
172.40621099957588	1.0	NonTarget	1	44136
172.59371095716105	1.0	NonTarget	1	44184
172.78121091474623	1.0	NonTarget	1	44232
172.96871087233143	1.0	NonTarget	1	44280
173.1562108299166	1.0	NonTarget	1	44328
173.34371078750178	1.0	NonTarget	1	44376
173.53121074508698	1.0	NonTarget	1	44424
173.71871070267215	1.0	NonTarget	1	44472
173.90621066025733	1.0	NonTarget	1	44520
174.0937106178425	1.0	NonTarget	1	44568
174.2812105754277	1.0	NonTarget	1	44616
174.46871053301288	1.0	Target	2	44664
174.65621049059806	1.0	NonTarget	1	44712
174.84371044818326	1.0	NonTarget	1	44760
175.03121040576843	1.0	NonTarget	1	44808
175.2187103633536	1.0	NonTarget	1	44856
175.4062103209388	1.0	NonTarget	1	44904
175.593710278524	1.0	NonTarget	1	44952
175.78121023610916	1.0	NonTarget	1	45000
175.96871019369433	1.0	NonTarget	1	45048
176.15621015127954	1.0	NonTarget	1	45096
176.3437101088647	1.0	NonTarget	1	45144
176.5312100664499	1.0	NonTarget	1	45192
176.7187100240351	1.0	NonTarget	1	45240
176.90620998162026	1.0	NonTarget	1	45288
177.09370993920544	1.0	Target	2	45336
177.28120989679064	1.0	NonTarget	1	45384
177.46870985437582	1.0	NonTarget	1	45432
177.656209811961	1.0	NonTarget	1	45480
177.8437097695462	1.0	NonTarget	1	45528
178.03120972713137	1.0	NonTarget	1	45576
178.21870968471654	1.0	NonTarget	1	45624
178.40620964230172	1.0	NonTarget	1	45672
178.59370959988692	1.0	Target	2	45720
178.7812095574721	1.0	NonTarget	1	45768
178.96870951505727	1.0	NonTarget	1	45816
179.15620947264247	1.0	NonTarget	1	45864
179.34370943022765	1.0	NonTarget	1	45912
183.5312084829634	1.0	NonTarget	1	46984
183.7187084405486	1.0	NonTarget	1	47032
183.90620839813377	1.0	NonTarget	1	47080
184.09370835571895	1.0	NonTarget	1	47128
184.28120831330412	1.0	NonTarget	1	47176
184.46870827088932	1.0	NonTarget	1	47224
184.6562082284745	1.0	NonTarget	1	47272
184.84370818605967	1.0	Target	2	47320
185.03120814364488	1.0	NonTarget	1	47368
185.21870810123005	1.0	NonTarget	1	47416
185.40620805881522	1.0	NonTarget	1	47464
185.59370801640043	1.0	NonTarget	1	47512
185.7812079739856	1.0	NonTarget	1	47560
185.96870793157078	1.0	NonTarget	1	47608
186.15620788915595	1.0	NonTarget	1	47656
186.34370784674115	1.0	NonTarget	1	47704
186.53120780432633	1.0	NonTarget	1	47752
186.7187077619115	1.0	NonTarget	1	47800
186.9062077194967	1.0	NonTarget	1	47848
187.09370767708188	1.0	NonTarget	1	47896
187.28120763466706	1.0	NonTarget	1	47944
187.46870759225226	1.0	NonTarget	1	47992
187.65620754983743	1.0	Target	2	48040
187.8437075074226	1.0	NonTarget	1	48088
188.03120746500778	1.0	NonTarget	1	48136
188.21870742259298	1.0	NonTarget	1	48184
188.40620738017816	1.0	NonTarget	1	48232
188.59370733776333	1.0	NonTarget	1	48280
188.78120729534854	1.0	NonTarget	1	48328
188.9687072529337	1.0	NonTarget	1	48376
189.1562072105189	1.0	NonTarget	1	48424
189.3437071681041	1.0	Target	2	48472
189.53120712568926	1.0	NonTarget	1	48520
189.71870708327444	1.0	NonTarget	1	48568
189.9062070408596	1.0	NonTarget	1	48616
190.09370699844482	1.0	NonTarget	1	48664
190.28120695603	1.0	NonTarget	1	48712
190.46870691361516	1.0	NonTarget	1	48760
190.65620687120037	1.0	NonTarget	1	48808
190.84370682878554	1.0	NonTarget	1	48856
191.03120678637072	1.0	NonTarget	1	48904
191.21870674395592	1.0	NonTarget	1	48952
191.4062067015411	1.0	NonTarget	1	49000
191.59370665912627	1.0	Target	2	49048
191.78120661671147	1.0	NonTarget	1	49096
191.96870657429665	1.0	NonTarget	1	49144
192.15620653188182	1.0	NonTarget	1	49192
192.343706489467	1.0	NonTarget	1	49240
192.5312064470522	1.0	NonTarget	1	49288
192.71870640463737	1.0	NonTarget	1	49336
192.90620636222255	1.0	NonTarget	1	49384
193.09370631980775	1.0	NonTarget	1	49432
193.28120627739293	1.0	NonTarget	1	49480
193.4687062349781	1.0	NonTarget	1	49528
193.6562061925633	1.0	NonTarget	1	49576
193.84370615014848	1.0	NonTarget	1	49624
194.03120610773365	1.0	NonTarget	1	49672
194.21870606531883	1.0	NonTarget	1	49720
194.40620602290403	1.0	NonTarget	1	49768
194.5937059804892	1.0	Target	2	49816
194.78120593807438	1.0	NonTarget	1	49864
194.96870589565958	1.0	NonTarget	1	49912
195.15620585324476	1.0	NonTarget	1	49960
195.34370581082993	1.0	NonTarget	1	50008
195.53120576841513	1.0	NonTarget	1	50056
195.7187057260003	1.0	NonTarget	1	50104
195.90620568358548	1.0	NonTarget	1	50152
196.09370564117066	1.0	NonTarget	1	50200
196.28120559875586	1.0	NonTarget	1	50248
196.46870555634104	1.0	NonTarget	1	50296
196.6562055139262	1.0	Target	2	50344
196.8437054715114	1.0	NonTarget	1	50392
197.0312054290966	1.0	NonTarget	1	50440
197.21870538668176	1.0	NonTarget	1	50488
197.40620534426697	1.0	NonTarget	1	50536
197.59370530185214	1.0	NonTarget	1	50584
197.78120525943731	1.0	NonTarget	1	50632
197.9687052170225	1.0	NonTarget	1	50680
198.1562051746077	1.0	NonTarget	1	50728
198.34370513219287	1.0	NonTarget	1	50776
198.53120508977804	1.0	Target	2	50824
198.71870504736324	1.0	NonTarget	1	50872
198.90620500494842	1.0	NonTarget	1	50920
199.0937049625336	1.0	NonTarget	1	50968
199.2812049201188	1.0	NonTarget	1	51016
199.46870487770397	1.0	NonTarget	1	51064
199.65620483528915	1.0	NonTarget	1	51112
199.84370479287432	1.0	NonTarget	1	51160
200.03120475045952	1.0	NonTarget	1	51208
200.2187047080447	1.0	NonTarget	1	51256
200.40620466562987	1.0	NonTarget	1	51304
200.59370462321507	1.0	NonTarget	1	51352
200.78120458080025	1.0	Target	2	51400
200.96870453838542	1.0	NonTarget	1	51448
201.15620449597063	1.0	NonTarget	1	51496
201.3437044535558	1.0	NonTarget	1	51544
201.53120441114098	1.0	NonTarget	1	51592
201.71870436872615	1.0	NonTarget	1	51640
201.90620432631135	1.0	NonTarget	1	51688
202.09370428389653	1.0	NonTarget	1	51736
202.2812042414817	1.0	NonTarget	1	51784
202.4687041990669	1.0	NonTarget	1	51832
202.65620415665208	1.0	Target	2	51880
202.84370411423725	1.0	NonTarget	1	51928
203.03120407182246	1.0	NonTarget	1	51976
203.21870402940763	1.0	NonTarget	1	52024
203.4062039869928	1.0	NonTarget	1	52072
203.59370394457798	1.0	NonTarget	1	52120
203.78120390216318	1.0	NonTarget	1	52168
203.96870385974836	1.0	NonTarget	1	52216
204.15620381733353	1.0	NonTarget	1	52264
204.34370377491874	1.0	NonTarget	1	52312
204.5312037325039	1.0	NonTarget	1	52360
204.7187036900891	1.0	NonTarget	1	52408
204.9062036476743	1.0	Target	2	52456
205.09370360525946	1.0	NonTarget	1	52504
205.28120356284464	1.0	NonTarget	1	52552
205.4687035204298	1.0	NonTarget	1	52600
205.65620347801502	1.0	NonTarget	1	52648
205.8437034356002	1.0	NonTarget	1	52696
206.03120339318536	1.0	NonTarget	1	52744
206.21870335077057	1.0	NonTarget	1	52792
206.40620330835574	1.0	NonTarget	1	52840
206.59370326594092	1.0	NonTarget	1	52888
206.78120322352612	1.0	NonTarget	1	52936
206.9687031811113	1.0	NonTarget	1	52984
207.15620313869647	1.0	NonTarget	1	53032
207.34370309628164	1.0	NonTarget	1	53080
207.53120305386685	1.0	NonTarget	1	53128
207.71870301145202	1.0	Target	2	53176
207.9062029690372	1.0	NonTarget	1	53224
208.0937029266224	1.0	NonTarget	1	53272
208.28120288420757	1.0	NonTarget	1	53320
208.46870284179275	1.0	NonTarget	1	53368
208.65620279937795	1.0	NonTarget	1	53416
208.84370275696313	1.0	NonTarget	1	53464
209.0312027145483	1.0	NonTarget	1	53512
209.21870267213347	1.0	NonTarget	1	53560
209.40620262971868	1.0	NonTarget	1	53608
209.59370258730385	1.0	NonTarget	1	53656
209.78120254488903	1.0	NonTarget	1	53704
209.96870250247423	1.0	NonTarget	1	53752
210.1562024600594	1.0	Target	2	53800
210.34370241764458	1.0	NonTarget	1	53848
210.53120237522978	1.0	NonTarget	1	53896
210.71870233281496	1.0	NonTarget	1	53944
210.90620229040013	1.0	NonTarget	1	53992
211.0937022479853	1.0	NonTarget	1	54040
211.2812022055705	1.0	NonTarget	1	54088
211.46870216315568	1.0	NonTarget	1	54136
211.65620212074086	1.0	NonTarget	1	54184
211.84370207832606	1.0	NonTarget	1	54232
212.03120203591124	1.0	NonTarget	1	54280
212.2187019934964	1.0	Target	2	54328
212.4062019510816	1.0	NonTarget	1	54376
212.5937019086668	1.0	NonTarget	1	54424
212.78120186625196	1.0	NonTarget	1	54472
212.96870182383714	1.0	NonTarget	1	54520
213.15620178142234	1.0	NonTarget	1	54568
213.3437017390075	1.0	NonTarget	1	54616
213.5312016965927	1.0	NonTarget	1	54664
213.7187016541779	1.0	NonTarget	1	54712
213.90620161176307	1.0	NonTarget	1	54760
214.09370156934824	1.0	NonTarget	1	54808
214.28120152693344	1.0	NonTarget	1	54856
214.46870148451862	1.0	Target	2	54904
214.6562014421038	1.0	NonTarget	1	54952
214.84370139968897	1.0	NonTarget	1	55000
