onset	duration	trial_type	value	sample
6.031247846462843	n/a	Target	2	1544
6.218747779513502	n/a	NonTarget	1	1592
6.40624771256416	n/a	NonTarget	1	1640
6.593747645614819	n/a	NonTarget	1	1688
6.781247578665477	n/a	NonTarget	1	1736
6.968747511716136	n/a	NonTarget	1	1784
7.156247444766794	n/a	NonTarget	1	1832
7.3437473778174525	n/a	NonTarget	1	1880
7.53124731086811	n/a	NonTarget	1	1928
7.718747243918769	n/a	NonTarget	1	1976
7.906247176969427	n/a	NonTarget	1	2024
8.093747110020086	n/a	NonTarget	1	2072
8.281247043070744	n/a	NonTarget	1	2120
8.468746976121402	n/a	Target	2	2168
8.656246909172062	n/a	NonTarget	1	2216
8.84374684222272	n/a	NonTarget	1	2264
9.031246775273377	n/a	NonTarget	1	2312
9.218746708324035	n/a	NonTarget	1	2360
9.406246641374693	n/a	NonTarget	1	2408
9.593746574425353	n/a	NonTarget	1	2456
9.78124650747601	n/a	NonTarget	1	2504
9.968746440526669	n/a	NonTarget	1	2552
10.156246373577327	n/a	NonTarget	1	2600
10.343746306627986	n/a	NonTarget	1	2648
10.531246239678644	n/a	NonTarget	1	2696
10.718746172729302	n/a	NonTarget	1	2744
10.90624610577996	n/a	NonTarget	1	2792
11.09374603883062	n/a	NonTarget	1	2840
11.281245971881278	n/a	NonTarget	1	2888
11.468745904931936	n/a	Target	2	2936
11.656245837982594	n/a	NonTarget	1	2984
11.843745771033253	n/a	NonTarget	1	3032
12.031245704083911	n/a	NonTarget	1	3080
12.21874563713457	n/a	NonTarget	1	3128
12.406245570185227	n/a	NonTarget	1	3176
12.593745503235887	n/a	NonTarget	1	3224
12.781245436286545	n/a	NonTarget	1	3272
12.968745369337203	n/a	NonTarget	1	3320
13.15624530238786	n/a	NonTarget	1	3368
13.343745235438519	n/a	Target	2	3416
13.531245168489178	n/a	NonTarget	1	3464
13.718745101539836	n/a	NonTarget	1	3512
13.906245034590494	n/a	NonTarget	1	3560
14.093744967641152	n/a	NonTarget	1	3608
14.281244900691812	n/a	NonTarget	1	3656
14.46874483374247	n/a	NonTarget	1	3704
14.656244766793128	n/a	NonTarget	1	3752
14.843744699843786	n/a	NonTarget	1	3800
15.031244632894445	n/a	NonTarget	1	3848
15.218744565945103	n/a	NonTarget	1	3896
15.406244498995761	n/a	NonTarget	1	3944
15.59374443204642	n/a	NonTarget	1	3992
15.781244365097079	n/a	Target	2	4040
15.968744298147737	n/a	NonTarget	1	4088
16.156244231198396	n/a	NonTarget	1	4136
16.343744164249053	n/a	NonTarget	1	4184
16.531244097299712	n/a	NonTarget	1	4232
16.71874403035037	n/a	NonTarget	1	4280
16.906243963401028	n/a	NonTarget	1	4328
17.093743896451688	n/a	NonTarget	1	4376
17.281243829502344	n/a	NonTarget	1	4424
17.468743762553004	n/a	Target	2	4472
17.65624369560366	n/a	NonTarget	1	4520
17.84374362865432	n/a	NonTarget	1	4568
18.03124356170498	n/a	NonTarget	1	4616
18.218743494755635	n/a	NonTarget	1	4664
18.406243427806295	n/a	NonTarget	1	4712
18.593743360856955	n/a	NonTarget	1	4760
18.78124329390761	n/a	NonTarget	1	4808
18.96874322695827	n/a	NonTarget	1	4856
19.156243160008927	n/a	NonTarget	1	4904
19.343743093059587	n/a	NonTarget	1	4952
19.531243026110246	n/a	NonTarget	1	5000
19.718742959160902	n/a	Target	2	5048
19.906242892211562	n/a	NonTarget	1	5096
20.093742825262222	n/a	NonTarget	1	5144
20.281242758312878	n/a	NonTarget	1	5192
20.468742691363538	n/a	NonTarget	1	5240
20.656242624414194	n/a	NonTarget	1	5288
20.843742557464854	n/a	NonTarget	1	5336
21.031242490515513	n/a	NonTarget	1	5384
21.21874242356617	n/a	NonTarget	1	5432
21.40624235661683	n/a	NonTarget	1	5480
21.593742289667485	n/a	NonTarget	1	5528
21.781242222718145	n/a	Target	2	5576
21.968742155768805	n/a	NonTarget	1	5624
22.15624208881946	n/a	NonTarget	1	5672
22.34374202187012	n/a	NonTarget	1	5720
22.53124195492078	n/a	NonTarget	1	5768
22.718741887971436	n/a	NonTarget	1	5816
22.906241821022096	n/a	NonTarget	1	5864
23.093741754072752	n/a	NonTarget	1	5912
23.281241687123412	n/a	NonTarget	1	5960
23.46874162017407	n/a	NonTarget	1	6008
23.656241553224728	n/a	NonTarget	1	6056
23.843741486275388	n/a	NonTarget	1	6104
28.031239991073424	n/a	NonTarget	1	7176
28.218739924124083	n/a	Target	2	7224
28.40623985717474	n/a	NonTarget	1	7272
28.5937397902254	n/a	NonTarget	1	7320
28.78123972327606	n/a	NonTarget	1	7368
28.968739656326715	n/a	NonTarget	1	7416
29.156239589377375	n/a	NonTarget	1	7464
29.34373952242803	n/a	NonTarget	1	7512
29.53123945547869	n/a	NonTarget	1	7560
29.71873938852935	n/a	NonTarget	1	7608
29.906239321580006	n/a	NonTarget	1	7656
30.093739254630666	n/a	NonTarget	1	7704
30.281239187681326	n/a	NonTarget	1	7752
30.468739120731982	n/a	NonTarget	1	7800
30.65623905378264	n/a	NonTarget	1	7848
30.843738986833298	n/a	NonTarget	1	7896
31.031238919883958	n/a	NonTarget	1	7944
31.218738852934617	n/a	Target	2	7992
31.406238785985273	n/a	NonTarget	1	8040
31.593738719035933	n/a	NonTarget	1	8088
31.78123865208659	n/a	NonTarget	1	8136
31.96873858513725	n/a	NonTarget	1	8184
32.156238518187905	n/a	NonTarget	1	8232
32.343738451238565	n/a	NonTarget	1	8280
32.531238384289225	n/a	NonTarget	1	8328
32.718738317339884	n/a	NonTarget	1	8376
32.906238250390544	n/a	NonTarget	1	8424
33.0937381834412	n/a	NonTarget	1	8472
33.281238116491856	n/a	NonTarget	1	8520
33.468738049542516	n/a	Target	2	8568
33.656237982593176	n/a	NonTarget	1	8616
33.843737915643835	n/a	NonTarget	1	8664
34.03123784869449	n/a	NonTarget	1	8712
34.21873778174515	n/a	NonTarget	1	8760
34.40623771479581	n/a	NonTarget	1	8808
34.59373764784647	n/a	NonTarget	1	8856
34.78123758089713	n/a	NonTarget	1	8904
34.96873751394779	n/a	NonTarget	1	8952
35.15623744699844	n/a	Target	2	9000
35.3437373800491	n/a	NonTarget	1	9048
35.53123731309976	n/a	NonTarget	1	9096
35.71873724615042	n/a	NonTarget	1	9144
35.90623717920108	n/a	NonTarget	1	9192
36.09373711225173	n/a	NonTarget	1	9240
36.28123704530239	n/a	NonTarget	1	9288
36.46873697835305	n/a	NonTarget	1	9336
36.65623691140371	n/a	NonTarget	1	9384
36.84373684445437	n/a	NonTarget	1	9432
37.03123677750502	n/a	NonTarget	1	9480
37.21873671055568	n/a	Target	2	9528
37.40623664360634	n/a	NonTarget	1	9576
37.593736576657	n/a	NonTarget	1	9624
37.78123650970766	n/a	NonTarget	1	9672
37.96873644275831	n/a	NonTarget	1	9720
38.15623637580897	n/a	NonTarget	1	9768
38.34373630885963	n/a	NonTarget	1	9816
38.53123624191029	n/a	NonTarget	1	9864
38.71873617496095	n/a	NonTarget	1	9912
38.90623610801161	n/a	NonTarget	1	9960
39.093736041062265	n/a	NonTarget	1	10008
39.281235974112924	n/a	NonTarget	1	10056
39.468735907163584	n/a	NonTarget	1	10104
39.656235840214244	n/a	Target	2	10152
39.8437357732649	n/a	NonTarget	1	10200
40.031235706315556	n/a	NonTarget	1	10248
40.218735639366216	n/a	NonTarget	1	10296
40.406235572416875	n/a	NonTarget	1	10344
40.593735505467535	n/a	NonTarget	1	10392
40.781235438518195	n/a	NonTarget	1	10440
40.96873537156885	n/a	NonTarget	1	10488
41.15623530461951	n/a	NonTarget	1	10536
41.34373523767017	n/a	NonTarget	1	10584
41.53123517072083	n/a	NonTarget	1	10632
41.718735103771486	n/a	Target	2	10680
41.90623503682214	n/a	NonTarget	1	10728
42.0937349698728	n/a	NonTarget	1	10776
42.28123490292346	n/a	NonTarget	1	10824
42.46873483597412	n/a	NonTarget	1	10872
42.65623476902478	n/a	NonTarget	1	10920
42.84373470207544	n/a	NonTarget	1	10968
43.03123463512609	n/a	NonTarget	1	11016
43.21873456817675	n/a	NonTarget	1	11064
43.40623450122741	n/a	NonTarget	1	11112
43.59373443427807	n/a	NonTarget	1	11160
43.78123436732873	n/a	NonTarget	1	11208
43.96873430037938	n/a	NonTarget	1	11256
44.15623423343004	n/a	NonTarget	1	11304
44.3437341664807	n/a	NonTarget	1	11352
44.53123409953136	n/a	Target	2	11400
44.71873403258202	n/a	NonTarget	1	11448
44.90623396563267	n/a	NonTarget	1	11496
45.09373389868333	n/a	NonTarget	1	11544
45.28123383173399	n/a	NonTarget	1	11592
45.46873376478465	n/a	NonTarget	1	11640
45.65623369783531	n/a	NonTarget	1	11688
45.843733630885964	n/a	NonTarget	1	11736
50.03123213568401	n/a	NonTarget	1	12808
50.21873206873466	n/a	NonTarget	1	12856
50.40623200178532	n/a	NonTarget	1	12904
50.59373193483598	n/a	Target	2	12952
50.78123186788664	n/a	NonTarget	1	13000
50.9687318009373	n/a	NonTarget	1	13048
51.15623173398795	n/a	NonTarget	1	13096
51.34373166703861	n/a	NonTarget	1	13144
51.53123160008927	n/a	NonTarget	1	13192
51.71873153313993	n/a	NonTarget	1	13240
51.90623146619059	n/a	NonTarget	1	13288
52.09373139924124	n/a	NonTarget	1	13336
52.2812313322919	n/a	NonTarget	1	13384
52.46873126534256	n/a	Target	2	13432
52.65623119839322	n/a	NonTarget	1	13480
52.84373113144388	n/a	NonTarget	1	13528
53.031231064494534	n/a	NonTarget	1	13576
53.218730997545194	n/a	NonTarget	1	13624
53.406230930595854	n/a	NonTarget	1	13672
53.59373086364651	n/a	NonTarget	1	13720
53.78123079669717	n/a	NonTarget	1	13768
53.96873072974783	n/a	NonTarget	1	13816
54.156230662798485	n/a	NonTarget	1	13864
54.343730595849145	n/a	NonTarget	1	13912
54.531230528899805	n/a	NonTarget	1	13960
54.718730461950464	n/a	Target	2	14008
54.906230395001124	n/a	NonTarget	1	14056
55.09373032805178	n/a	NonTarget	1	14104
55.281230261102436	n/a	NonTarget	1	14152
55.468730194153096	n/a	NonTarget	1	14200
55.656230127203756	n/a	NonTarget	1	14248
55.843730060254416	n/a	NonTarget	1	14296
56.03122999330507	n/a	NonTarget	1	14344
56.21872992635573	n/a	NonTarget	1	14392
56.40622985940639	n/a	NonTarget	1	14440
56.59372979245705	n/a	NonTarget	1	14488
56.78122972550771	n/a	NonTarget	1	14536
56.96872965855837	n/a	NonTarget	1	14584
57.15622959160902	n/a	Target	2	14632
57.34372952465968	n/a	NonTarget	1	14680
57.53122945771034	n/a	NonTarget	1	14728
57.718729390761	n/a	NonTarget	1	14776
57.90622932381166	n/a	NonTarget	1	14824
58.09372925686231	n/a	NonTarget	1	14872
58.28122918991297	n/a	NonTarget	1	14920
58.46872912296363	n/a	NonTarget	1	14968
58.65622905601429	n/a	NonTarget	1	15016
58.84372898906495	n/a	NonTarget	1	15064
59.0312289221156	n/a	NonTarget	1	15112
59.21872885516626	n/a	NonTarget	1	15160
59.40622878821692	n/a	NonTarget	1	15208
59.59372872126758	n/a	NonTarget	1	15256
59.78122865431824	n/a	Target	2	15304
59.968728587368894	n/a	NonTarget	1	15352
60.15622852041955	n/a	NonTarget	1	15400
60.34372845347021	n/a	NonTarget	1	15448
60.53122838652087	n/a	NonTarget	1	15496
60.71872831957153	n/a	NonTarget	1	15544
60.90622825262219	n/a	NonTarget	1	15592
61.093728185672845	n/a	NonTarget	1	15640
61.281228118723504	n/a	NonTarget	1	15688
61.468728051774164	n/a	NonTarget	1	15736
61.656227984824824	n/a	NonTarget	1	15784
61.84372791787548	n/a	NonTarget	1	15832
62.031227850926136	n/a	Target	2	15880
62.218727783976796	n/a	NonTarget	1	15928
62.406227717027456	n/a	NonTarget	1	15976
62.593727650078115	n/a	NonTarget	1	16024
62.781227583128775	n/a	NonTarget	1	16072
62.96872751617943	n/a	NonTarget	1	16120
63.15622744923009	n/a	NonTarget	1	16168
63.34372738228075	n/a	NonTarget	1	16216
63.53122731533141	n/a	NonTarget	1	16264
63.718727248382066	n/a	NonTarget	1	16312
63.90622718143272	n/a	NonTarget	1	16360
64.09372711448339	n/a	NonTarget	1	16408
64.28122704753405	n/a	NonTarget	1	16456
64.46872698058469	n/a	Target	2	16504
64.65622691363535	n/a	NonTarget	1	16552
64.84372684668601	n/a	NonTarget	1	16600
65.03122677973667	n/a	NonTarget	1	16648
65.21872671278733	n/a	NonTarget	1	16696
65.40622664583799	n/a	NonTarget	1	16744
65.59372657888865	n/a	NonTarget	1	16792
65.78122651193931	n/a	NonTarget	1	16840
65.96872644498997	n/a	NonTarget	1	16888
66.15622637804063	n/a	Target	2	16936
66.34372631109127	n/a	NonTarget	1	16984
66.53122624414193	n/a	NonTarget	1	17032
66.7187261771926	n/a	NonTarget	1	17080
66.90622611024325	n/a	NonTarget	1	17128
67.09372604329391	n/a	NonTarget	1	17176
67.28122597634457	n/a	NonTarget	1	17224
67.46872590939523	n/a	NonTarget	1	17272
67.65622584244589	n/a	NonTarget	1	17320
67.84372577549655	n/a	NonTarget	1	17368
72.03122428029458	n/a	NonTarget	1	18440
72.21872421334524	n/a	NonTarget	1	18488
72.4062241463959	n/a	NonTarget	1	18536
72.59372407944656	n/a	NonTarget	1	18584
72.78122401249722	n/a	NonTarget	1	18632
72.96872394554788	n/a	NonTarget	1	18680
73.15622387859854	n/a	Target	2	18728
73.3437238116492	n/a	NonTarget	1	18776
73.53122374469986	n/a	NonTarget	1	18824
73.7187236777505	n/a	NonTarget	1	18872
73.90622361080116	n/a	NonTarget	1	18920
74.09372354385182	n/a	NonTarget	1	18968
74.28122347690248	n/a	NonTarget	1	19016
74.46872340995314	n/a	NonTarget	1	19064
74.6562233430038	n/a	NonTarget	1	19112
74.84372327605446	n/a	NonTarget	1	19160
75.03122320910512	n/a	NonTarget	1	19208
75.21872314215578	n/a	NonTarget	1	19256
75.40622307520644	n/a	NonTarget	1	19304
75.59372300825709	n/a	NonTarget	1	19352
75.78122294130775	n/a	Target	2	19400
75.9687228743584	n/a	NonTarget	1	19448
76.15622280740907	n/a	NonTarget	1	19496
76.34372274045973	n/a	NonTarget	1	19544
76.53122267351038	n/a	NonTarget	1	19592
76.71872260656104	n/a	NonTarget	1	19640
76.9062225396117	n/a	NonTarget	1	19688
77.09372247266236	n/a	NonTarget	1	19736
77.28122240571302	n/a	NonTarget	1	19784
77.46872233876368	n/a	NonTarget	1	19832
77.65622227181433	n/a	Target	2	19880
77.84372220486499	n/a	NonTarget	1	19928
78.03122213791565	n/a	NonTarget	1	19976
78.21872207096631	n/a	NonTarget	1	20024
78.40622200401697	n/a	NonTarget	1	20072
78.59372193706763	n/a	NonTarget	1	20120
78.78122187011829	n/a	NonTarget	1	20168
78.96872180316895	n/a	NonTarget	1	20216
79.1562217362196	n/a	NonTarget	1	20264
79.34372166927027	n/a	NonTarget	1	20312
79.53122160232091	n/a	NonTarget	1	20360
79.71872153537157	n/a	NonTarget	1	20408
79.90622146842223	n/a	Target	2	20456
80.09372140147289	n/a	NonTarget	1	20504
80.28122133452355	n/a	NonTarget	1	20552
80.46872126757421	n/a	NonTarget	1	20600
80.65622120062487	n/a	NonTarget	1	20648
80.84372113367553	n/a	NonTarget	1	20696
81.03122106672619	n/a	NonTarget	1	20744
81.21872099977685	n/a	NonTarget	1	20792
81.40622093282751	n/a	NonTarget	1	20840
81.59372086587815	n/a	NonTarget	1	20888
81.78122079892881	n/a	NonTarget	1	20936
81.96872073197947	n/a	NonTarget	1	20984
82.15622066503013	n/a	NonTarget	1	21032
82.3437205980808	n/a	Target	2	21080
82.53122053113145	n/a	NonTarget	1	21128
82.71872046418211	n/a	NonTarget	1	21176
82.90622039723277	n/a	NonTarget	1	21224
83.09372033028343	n/a	NonTarget	1	21272
83.28122026333409	n/a	NonTarget	1	21320
83.46872019638474	n/a	NonTarget	1	21368
83.6562201294354	n/a	NonTarget	1	21416
83.84372006248606	n/a	NonTarget	1	21464
84.03121999553672	n/a	NonTarget	1	21512
84.21871992858738	n/a	NonTarget	1	21560
84.40621986163804	n/a	NonTarget	1	21608
84.5937197946887	n/a	NonTarget	1	21656
84.78121972773936	n/a	NonTarget	1	21704
84.96871966079001	n/a	Target	2	21752
85.15621959384067	n/a	NonTarget	1	21800
85.34371952689133	n/a	NonTarget	1	21848
85.53121945994198	n/a	NonTarget	1	21896
85.71871939299264	n/a	NonTarget	1	21944
85.9062193260433	n/a	NonTarget	1	21992
86.09371925909396	n/a	NonTarget	1	22040
86.28121919214462	n/a	NonTarget	1	22088
86.46871912519528	n/a	NonTarget	1	22136
86.65621905824594	n/a	NonTarget	1	22184
86.8437189912966	n/a	NonTarget	1	22232
87.03121892434726	n/a	NonTarget	1	22280
87.21871885739792	n/a	NonTarget	1	22328
87.40621879044856	n/a	NonTarget	1	22376
87.59371872349922	n/a	Target	2	22424
87.78121865654988	n/a	NonTarget	1	22472
87.96871858960054	n/a	NonTarget	1	22520
88.1562185226512	n/a	NonTarget	1	22568
88.34371845570186	n/a	NonTarget	1	22616
88.53121838875252	n/a	NonTarget	1	22664
88.71871832180318	n/a	NonTarget	1	22712
88.90621825485384	n/a	NonTarget	1	22760
89.0937181879045	n/a	NonTarget	1	22808
89.28121812095516	n/a	NonTarget	1	22856
89.4687180540058	n/a	NonTarget	1	22904
89.65621798705646	n/a	NonTarget	1	22952
89.84371792010712	n/a	Target	2	23000
94.03121642490517	n/a	NonTarget	1	24072
94.21871635795583	n/a	NonTarget	1	24120
94.40621629100649	n/a	NonTarget	1	24168
94.59371622405713	n/a	NonTarget	1	24216
94.78121615710779	n/a	NonTarget	1	24264
94.96871609015845	n/a	NonTarget	1	24312
95.15621602320911	n/a	Target	2	24360
95.34371595625977	n/a	NonTarget	1	24408
95.53121588931043	n/a	NonTarget	1	24456
95.71871582236109	n/a	NonTarget	1	24504
95.90621575541175	n/a	NonTarget	1	24552
96.09371568846241	n/a	NonTarget	1	24600
96.28121562151307	n/a	NonTarget	1	24648
96.46871555456373	n/a	NonTarget	1	24696
96.65621548761438	n/a	NonTarget	1	24744
96.84371542066503	n/a	NonTarget	1	24792
97.0312153537157	n/a	NonTarget	1	24840
97.21871528676635	n/a	NonTarget	1	24888
97.40621521981701	n/a	NonTarget	1	24936
97.59371515286767	n/a	NonTarget	1	24984
97.78121508591833	n/a	NonTarget	1	25032
97.968715018969	n/a	NonTarget	1	25080
98.15621495201965	n/a	NonTarget	1	25128
98.34371488507031	n/a	Target	2	25176
98.53121481812096	n/a	NonTarget	1	25224
98.71871475117162	n/a	NonTarget	1	25272
98.90621468422228	n/a	NonTarget	1	25320
99.09371461727294	n/a	NonTarget	1	25368
99.2812145503236	n/a	NonTarget	1	25416
99.46871448337426	n/a	NonTarget	1	25464
99.65621441642492	n/a	NonTarget	1	25512
99.84371434947558	n/a	NonTarget	1	25560
100.03121428252624	n/a	NonTarget	1	25608
100.2187142155769	n/a	NonTarget	1	25656
100.40621414862756	n/a	NonTarget	1	25704
100.5937140816782	n/a	Target	2	25752
100.78121401472886	n/a	NonTarget	1	25800
100.96871394777952	n/a	NonTarget	1	25848
101.15621388083018	n/a	NonTarget	1	25896
101.34371381388084	n/a	NonTarget	1	25944
101.5312137469315	n/a	NonTarget	1	25992
101.71871367998216	n/a	NonTarget	1	26040
101.90621361303282	n/a	Target	2	26088
102.09371354608348	n/a	NonTarget	1	26136
102.28121347913414	n/a	NonTarget	1	26184
102.46871341218478	n/a	NonTarget	1	26232
102.65621334523544	n/a	NonTarget	1	26280
102.8437132782861	n/a	NonTarget	1	26328
103.03121321133676	n/a	NonTarget	1	26376
103.21871314438742	n/a	NonTarget	1	26424
103.40621307743808	n/a	NonTarget	1	26472
103.59371301048874	n/a	NonTarget	1	26520
103.7812129435394	n/a	NonTarget	1	26568
103.96871287659006	n/a	NonTarget	1	26616
104.15621280964072	n/a	Target	2	26664
104.34371274269138	n/a	NonTarget	1	26712
104.53121267574203	n/a	NonTarget	1	26760
104.71871260879269	n/a	NonTarget	1	26808
104.90621254184335	n/a	NonTarget	1	26856
105.093712474894	n/a	NonTarget	1	26904
105.28121240794466	n/a	NonTarget	1	26952
105.46871234099532	n/a	NonTarget	1	27000
105.65621227404598	n/a	NonTarget	1	27048
105.84371220709664	n/a	NonTarget	1	27096
106.0312121401473	n/a	NonTarget	1	27144
106.21871207319796	n/a	NonTarget	1	27192
106.40621200624861	n/a	NonTarget	1	27240
106.59371193929927	n/a	NonTarget	1	27288
106.78121187234993	n/a	NonTarget	1	27336
106.96871180540059	n/a	NonTarget	1	27384
107.15621173845125	n/a	NonTarget	1	27432
107.34371167150191	n/a	Target	2	27480
107.53121160455257	n/a	NonTarget	1	27528
107.71871153760323	n/a	NonTarget	1	27576
107.90621147065389	n/a	NonTarget	1	27624
108.09371140370455	n/a	NonTarget	1	27672
108.2812113367552	n/a	NonTarget	1	27720
108.46871126980585	n/a	NonTarget	1	27768
108.65621120285651	n/a	Target	2	27816
108.84371113590717	n/a	NonTarget	1	27864
109.03121106895783	n/a	NonTarget	1	27912
109.21871100200849	n/a	NonTarget	1	27960
109.40621093505915	n/a	NonTarget	1	28008
109.59371086810981	n/a	NonTarget	1	28056
109.78121080116047	n/a	NonTarget	1	28104
109.96871073421113	n/a	NonTarget	1	28152
110.15621066726179	n/a	NonTarget	1	28200
110.34371060031243	n/a	NonTarget	1	28248
110.5312105333631	n/a	NonTarget	1	28296
110.71871046641375	n/a	NonTarget	1	28344
110.90621039946441	n/a	NonTarget	1	28392
111.09371033251507	n/a	NonTarget	1	28440
111.28121026556573	n/a	NonTarget	1	28488
111.46871019861639	n/a	Target	2	28536
111.65621013166705	n/a	NonTarget	1	28584
111.84371006471771	n/a	NonTarget	1	28632
116.03120856951574	n/a	NonTarget	1	29704
116.2187085025664	n/a	NonTarget	1	29752
116.40620843561706	n/a	NonTarget	1	29800
116.59370836866772	n/a	NonTarget	1	29848
116.78120830171838	n/a	NonTarget	1	29896
116.96870823476904	n/a	NonTarget	1	29944
117.1562081678197	n/a	NonTarget	1	29992
117.34370810087036	n/a	NonTarget	1	30040
117.53120803392102	n/a	NonTarget	1	30088
117.71870796697166	n/a	NonTarget	1	30136
117.90620790002232	n/a	Target	2	30184
118.09370783307298	n/a	NonTarget	1	30232
118.28120776612364	n/a	NonTarget	1	30280
118.4687076991743	n/a	NonTarget	1	30328
118.65620763222496	n/a	NonTarget	1	30376
118.84370756527562	n/a	NonTarget	1	30424
119.03120749832628	n/a	NonTarget	1	30472
119.21870743137694	n/a	NonTarget	1	30520
119.4062073644276	n/a	NonTarget	1	30568
119.59370729747825	n/a	Target	2	30616
119.7812072305289	n/a	NonTarget	1	30664
119.96870716357957	n/a	NonTarget	1	30712
120.15620709663023	n/a	NonTarget	1	30760
120.34370702968089	n/a	NonTarget	1	30808
120.53120696273155	n/a	NonTarget	1	30856
120.7187068957822	n/a	NonTarget	1	30904
120.90620682883286	n/a	NonTarget	1	30952
121.09370676188352	n/a	NonTarget	1	31000
121.28120669493418	n/a	NonTarget	1	31048
121.46870662798484	n/a	NonTarget	1	31096
121.65620656103549	n/a	NonTarget	1	31144
121.84370649408615	n/a	Target	2	31192
122.03120642713681	n/a	NonTarget	1	31240
122.21870636018747	n/a	NonTarget	1	31288
122.40620629323813	n/a	NonTarget	1	31336
122.59370622628879	n/a	NonTarget	1	31384
122.78120615933945	n/a	NonTarget	1	31432
122.96870609239011	n/a	NonTarget	1	31480
123.15620602544077	n/a	NonTarget	1	31528
123.34370595849143	n/a	NonTarget	1	31576
123.53120589154207	n/a	NonTarget	1	31624
123.71870582459273	n/a	NonTarget	1	31672
123.90620575764339	n/a	NonTarget	1	31720
124.09370569069405	n/a	NonTarget	1	31768
124.28120562374471	n/a	NonTarget	1	31816
124.46870555679537	n/a	NonTarget	1	31864
124.65620548984603	n/a	NonTarget	1	31912
124.84370542289669	n/a	Target	2	31960
125.03120535594735	n/a	NonTarget	1	32008
125.21870528899801	n/a	NonTarget	1	32056
125.40620522204867	n/a	NonTarget	1	32104
125.59370515509931	n/a	NonTarget	1	32152
125.78120508814997	n/a	NonTarget	1	32200
125.96870502120063	n/a	NonTarget	1	32248
126.1562049542513	n/a	NonTarget	1	32296
126.34370488730195	n/a	NonTarget	1	32344
126.53120482035261	n/a	NonTarget	1	32392
126.71870475340327	n/a	Target	2	32440
126.90620468645393	n/a	NonTarget	1	32488
127.09370461950459	n/a	NonTarget	1	32536
127.28120455255525	n/a	NonTarget	1	32584
127.4687044856059	n/a	NonTarget	1	32632
127.65620441865656	n/a	NonTarget	1	32680
127.84370435170722	n/a	NonTarget	1	32728
128.03120428475788	n/a	NonTarget	1	32776
128.21870421780855	n/a	NonTarget	1	32824
128.4062041508592	n/a	NonTarget	1	32872
128.59370408390984	n/a	NonTarget	1	32920
128.78120401696052	n/a	Target	2	32968
128.96870395001116	n/a	NonTarget	1	33016
129.15620388306183	n/a	NonTarget	1	33064
129.34370381611248	n/a	NonTarget	1	33112
129.53120374916315	n/a	NonTarget	1	33160
129.7187036822138	n/a	NonTarget	1	33208
129.90620361526447	n/a	NonTarget	1	33256
130.09370354831512	n/a	NonTarget	1	33304
130.2812034813658	n/a	NonTarget	1	33352
130.46870341441644	n/a	NonTarget	1	33400
130.65620334746708	n/a	NonTarget	1	33448
130.84370328051776	n/a	NonTarget	1	33496
131.0312032135684	n/a	NonTarget	1	33544
131.21870314661908	n/a	NonTarget	1	33592
131.40620307966972	n/a	NonTarget	1	33640
131.5937030127204	n/a	Target	2	33688
131.78120294577104	n/a	NonTarget	1	33736
131.96870287882172	n/a	NonTarget	1	33784
132.15620281187236	n/a	NonTarget	1	33832
132.343702744923	n/a	NonTarget	1	33880
132.53120267797368	n/a	NonTarget	1	33928
132.71870261102433	n/a	NonTarget	1	33976
132.906202544075	n/a	NonTarget	1	34024
133.09370247712565	n/a	Target	2	34072
133.28120241017632	n/a	NonTarget	1	34120
133.46870234322697	n/a	NonTarget	1	34168
133.65620227627764	n/a	NonTarget	1	34216
133.84370220932828	n/a	NonTarget	1	34264
